,Best,EW,MV,EG,ONS
NYSE,1.2981797944823203e+119,22.218281357155853,11.409195487528311,22.036665359220066,61.26842393810779
