,Best,EW,MV,EG,ONS
NYSE,0.005990000000000011,0.3659587249474562,0.46407091469870776,0.3764830845519044,0.31091200664570146
