,Best,EW,MV,EG,ONS
NYSE,1.385984800739712,0.06660878096760413,0.0624687903439705,0.06469233458127777,0.0660989731286273
