,Best,EW,MV,EG,ONS
NYSE,0.036809346625593424,0.008448340235952544,0.007071622165761656,0.008675583278461546,0.011299415418911798
